"id","pos_id","position_name","subposition","status","code","order_id","type_code","gcode","level_edu","duration_typ","csbanew"
"72","9022014002949","AMTALI","BARGUNA",,"Thana","72",,,,,
"73","9022014002412","BAMNA","BARGUNA",,"Thana","73",,,,,
"74","9022014005768","BARGUNASADAR","BARGUNA",,"Thana","74",,,,,
"75","9022014005321","BETAGI","BARGUNA",,"Thana","75",,,,,
"76","9022014005796","PATHARGHATA","BARGUNA",,"Thana","76",,,,,
"77","9022014002687","AGAILJHARA","BARISAL",,"Thana","77",,,,,
"78","9022014010393","BABUGANJ","BARISAL",,"Thana","78",,,,,
"79","9022014009485","BAKERGANJ","BARISAL",,"Thana","79",,,,,
"80","9022014002154","BANARIPARA","BARISAL",,"Thana","80",,,,,
"81","9022014007867","GAURNADI","BARISAL",,"Thana","81",,,,,
"82","9022014006477","HIZLA","BARISAL",,"Thana","82",,,,,
"83","9022014010778","BARISALSADAR","BARISAL",,"Thana","83",,,,,
"84","9022014011026","MEHENDIGANJ","BARISAL",,"Thana","84",,,,,
"85","9022014003610","MULADI","BARISAL",,"Thana","85",,,,,
"86","9022014003175","WAZIRPUR","BARISAL",,"Thana","86",,,,,
"87","9022014005214","BHOLASADAR","BHOLA",,"Thana","87",,,,,
"88","9022014006063","BURHANUDDIN","BHOLA",,"Thana","88",,,,,
"89","9022014003805","CHARFASSON","BHOLA",,"Thana","89",,,,,
"90","9022014006573","DAULATKHAN","BHOLA",,"Thana","90",,,,,
"91","9022014010607","LALMOHAN","BHOLA",,"Thana","91",,,,,
"92","9022014003913","MANPURA","BHOLA",,"Thana","92",,,,,
"93","9022014001647","TAZUMUDDIN","BHOLA",,"Thana","93",,,,,
"94","9022014011499","JHALOKATISADAR","JHALOKATI",,"Thana","94",,,,,
"95","9022014002599","KANTHALIA","JHALOKATI",,"Thana","95",,,,,
"96","9022014003925","NALCHITY","JHALOKATI",,"Thana","96",,,,,
"97","9022014008987","RAJAPUR","JHALOKATI",,"Thana","97",,,,,
"98","9022014010076","BAUPHAL","PATUAKHALI",,"Thana","98",,,,,
"99","9022014010984","DASHMINA","PATUAKHALI",,"Thana","99",,,,,
"100","9022014004152","DUMKI","PATUAKHALI",,"Thana","100",,,,,
"101","9022014011067","GALACHIPA","PATUAKHALI",,"Thana","101",,,,,
"102","9022014005774","KALAPARA","PATUAKHALI",,"Thana","102",,,,,
"103","9022014003366","PATUAKHALI SADAR","PATUAKHALI",,"Thana","103",,,,,
"104","9022014007122","BHANDARIA","PIROJPUR",,"Thana","104",,,,,
"105","9022014009989","KAWKHALI","PIROJPUR",,"Thana","105",,,,,
"106","9022014003518","NAZIRPUR","PIROJPUR",,"Thana","106",,,,,
"107","9022014003007","PIROJPURSADAR","PIROJPUR",,"Thana","107",,,,,
"108","9022014006798","NESARABAD(SWARUPKATI)","PIROJPUR",,"Thana","108",,,,,
"109","9022014003142","ZIANAGAR","PIROJPUR",,"Thana","109",,,,,
"110","9022014009170","ALIKADAM","BANDARBAN",,"Thana","110",,,,,
"111","9022014003035","LAMA","BANDARBAN",,"Thana","111",,,,,
"112","9022014004985","NAIKHONGCHHARI","BANDARBAN",,"Thana","112",,,,,
"113","9022014006954","ROWANGCHHARI","BANDARBAN",,"Thana","113",,,,,
"114","9022014007816","RUMA","BANDARBAN",,"Thana","114",,,,,
"115","9022014009757","THANCHI","BANDARBAN",,"Thana","115",,,,,
"116","9022014002150","AKHAURA","BRAHMANBARIA",,"Thana","116",,,,,
"117","9022014005900","BANCHHARAMPUR","BRAHMANBARIA",,"Thana","117",,,,,
"118","9022014010531","BIJOYNAGAR","BRAHMANBARIA",,"Thana","118",,,,,
"119","9022014004359","BRAHMANBARIA SADAR","BRAHMANBARIA",,"Thana","119",,,,,
"120","9022014009803","ASHUGANJ","BRAHMANBARIA",,"Thana","120",,,,,
"121","9022014005363","KASBA","BRAHMANBARIA",,"Thana","121",,,,,
"122","9022014006202","NABINAGAR","BRAHMANBARIA",,"Thana","122",,,,,
"123","9022014010820","NASIRNAGAR","BRAHMANBARIA",,"Thana","123",,,,,
"124","9022014008762","SARAIL","BRAHMANBARIA",,"Thana","124",,,,,
"125","9022014005130","CHANDPUR SADAR","CHANDPUR",,"Thana","125",,,,,
"126","9022014002522","FARIDGANJ","CHANDPUR",,"Thana","126",,,,,
"127","9022014007370","HAIMCHAR","CHANDPUR",,"Thana","127",,,,,
"128","9022014011603","HAJIGANJ","CHANDPUR",,"Thana","128",,,,,
"129","9022014011510","KACHUA","CHANDPUR",,"Thana","129",,,,,
"130","9022014004014","MATLAB","CHANDPUR",,"Thana","130",,,,,
"131","9022014005271","UTTARMATLAB","CHANDPUR",,"Thana","131",,,,,
"132","9022014010762","SHAHRASTI","CHANDPUR",,"Thana","132",,,,,
"133","9022014006210","ANOWARA","CHITTAGONG",,"Thana","133",,,,,
"134","9022014002761","BAYEJID BOSTAMI  THANA","CHITTAGONG",,"Thana","134",,,,,
"135","9022014003183","BANSHKHALI","CHITTAGONG",,"Thana","135",,,,,
"136","9022014005442","BAKALIA THANA","CHITTAGONG",,"Thana","136",,,,,
"137","9022014005274","BOALKHALI","CHITTAGONG",,"Thana","137",,,,,
"138","9022014008540","CHANDANAISH","CHITTAGONG",,"Thana","138",,,,,
"139","9022014011086","CHANDGAON  THANA","CHITTAGONG",,"Thana","139",,,,,
"140","9022014003116","CHITTAGONGPORT THANA","CHITTAGONG",,"Thana","140",,,,,
"141","9022014010533","DOUBLEMOORING THANA","CHITTAGONG",,"Thana","141",,,,,
"142","9022014012014","FATIKCHHARI","CHITTAGONG",,"Thana","142",,,,,
"143","9022014009557","HALISHAHAR  THANA","CHITTAGONG",,"Thana","143",,,,,
"144","9022014004759","HATHAZARI","CHITTAGONG",,"Thana","144",,,,,
"145","9022014011831","KARNAFULI  THANA","CHITTAGONG",,"Thana","145",,,,,
"146","9022014009941","KOTWALI  THANA","CHITTAGONG",,"Thana","146",,,,,
"147","9022014008507","KHULSHI  THANA","CHITTAGONG",,"Thana","147",,,,,
"148","9022014010013","LOHAGARA","CHITTAGONG",,"Thana","148",,,,,
"149","9022014010456","MIRSHARAI","CHITTAGONG",,"Thana","149",,,,,
"150","9022014010041","PAHARTALI  THANA","CHITTAGONG",,"Thana","150",,,,,
"151","9022014005387","PANCHLAISH  THANA","CHITTAGONG",,"Thana","151",,,,,
"152","9022014010582","PATIYA","CHITTAGONG",,"Thana","152",,,,,
"153","9022014011165","PATENGA  THANA","CHITTAGONG",,"Thana","153",,,,,
"154","9022014003720","RANGUNIA","CHITTAGONG",,"Thana","154",,,,,
"155","9022014007586","RAOZAN","CHITTAGONG",,"Thana","155",,,,,
"156","9022014006908","SANDWIP","CHITTAGONG",,"Thana","156",,,,,
"157","9022014002555","SATKANIA","CHITTAGONG",,"Thana","157",,,,,
"158","9022014010301","SITAKUNDA","CHITTAGONG",,"Thana","158",,,,,
"159","9022014008013","BARURA","COMILLA",,"Thana","159",,,,,
"160","9022014011378","BRAHMANPARA","COMILLA",,"Thana","160",,,,,
"161","9022014009566","BURICHANG","COMILLA",,"Thana","161",,,,,
"162","9022014007260","CHANDINA","COMILLA",,"Thana","162",,,,,
"163","9022014010037","CHAUDDAGRAM","COMILLA",,"Thana","163",,,,,
"164","9022014010595","COMILLA SADAR DAKHIN","COMILLA",,"Thana","164",,,,,
"165","9022014002797","DAUDKANDI","COMILLA",,"Thana","165",,,,,
"166","9022014011593","DEBIDWAR","COMILLA",,"Thana","166",,,,,
"167","9022014010064","HOMNA","COMILLA",,"Thana","167",,,,,
"168","9022014002297","COMILLA ADARSHA SADAR","COMILLA",,"Thana","168",,,,,
"169","9022014002353","LAKSAM","COMILLA",,"Thana","169",,,,,
"170","9022014004647","MANOHARGANJ","COMILLA",,"Thana","170",,,,,
"171","9022014004903","MEGHNA","COMILLA",,"Thana","171",,,,,
"172","9022014008289","MURADNAGAR","COMILLA",,"Thana","172",,,,,
"173","9022014005241","NANGALKOT","COMILLA",,"Thana","173",,,,,
"174","9022014009843","TITAS","COMILLA",,"Thana","174",,,,,
"175","9022014002549","CHAKARIA","COXS BAZAR",,"Thana","175",,,,,
"176","9022014009199","COX'SBAZAR SADAR","COXS BAZAR",,"Thana","176",,,,,
"177","9022014005253","KUTUBDIA","COXS BAZAR",,"Thana","177",,,,,
"178","9022014006762","MAHESHKHALI","COXS BAZAR",,"Thana","178",,,,,
"179","9022014003571","PEKUA","COXS BAZAR",,"Thana","179",,,,,
"180","9022014011951","RAMU","COXS BAZAR",,"Thana","180",,,,,
"181","9022014011029","TEKNAF","COXS BAZAR",,"Thana","181",,,,,
"182","9022014012131","UKHIA","COXS BAZAR",,"Thana","182",,,,,
"183","9022014008389","CHHAGALNAIYA","FENI",,"Thana","183",,,,,
"184","9022014003600","DAGANBHUIYAN","FENI",,"Thana","184",,,,,
"185","9022014004754","FENI SADAR","FENI",,"Thana","185",,,,,
"186","9022014005490","FULGAZI","FENI",,"Thana","186",,,,,
"187","9022014006693","PARSHURAM","FENI",,"Thana","187",,,,,
"188","9022014005999","SONAGAZI","FENI",,"Thana","188",,,,,
"189","9022014005213","DIGHINALA","KHAGRACHHARI",,"Thana","189",,,,,
"190","9022014012337","KHAGRACHHARI SADAR","KHAGRACHHARI",,"Thana","190",,,,,
"191","9022014007404","LAKSHMICHHARI","KHAGRACHHARI",,"Thana","191",,,,,
"192","9022014011654","MAHALCHHARI","KHAGRACHHARI",,"Thana","192",,,,,
"193","9022014011095","MANIKCHHARI","KHAGRACHHARI",,"Thana","193",,,,,
"194","9022014007022","MATIRANGA","KHAGRACHHARI",,"Thana","194",,,,,
"195","9022014006126","PANCHHARI","KHAGRACHHARI",,"Thana","195",,,,,
"196","9022014006086","RAMGARH","KHAGRACHHARI",,"Thana","196",,,,,
"197","9022014007923","KAMALNAGAR","LAKSHMIPUR",,"Thana","197",,,,,
"198","9022014009217","LAKSHMIPUR SADAR","LAKSHMIPUR",,"Thana","198",,,,,
"199","9022014007670","ROYPUR","LAKSHMIPUR",,"Thana","199",,,,,
"200","9022014007036","RAMGANJ","LAKSHMIPUR",,"Thana","200",,,,,
"201","9022014011714","RAMGATI","LAKSHMIPUR",,"Thana","201",,,,,
"202","9022014004890","BEGUMGANJ","NOAKHALI",,"Thana","202",,,,,
"203","9022014004783","CHATKHIL","NOAKHALI",,"Thana","203",,,,,
"204","9022014004763","COMPANIGANJ","NOAKHALI",,"Thana","204",,,,,
"205","9022014005348","HATIYA","NOAKHALI",,"Thana","205",,,,,
"206","9022014005084","KABIRHAT","NOAKHALI",,"Thana","206",,,,,
"207","9022014012562","SENBAGH","NOAKHALI",,"Thana","207",,,,,
"208","9022014010934","SONAIMURI","NOAKHALI",,"Thana","208",,,,,
"209","9022014012725","SUBARNACHAR","NOAKHALI",,"Thana","209",,,,,
"210","9022014005506","NOAKHALI SADAR","NOAKHALI",,"Thana","210",,,,,
"211","9022014007839","BAGHAICHHARI","RANGAMATI",,"Thana","211",,,,,
"212","9022014007034","BARKAL","RANGAMATI",,"Thana","212",,,,,
"213","9022014010373","KAWKHALI(BETBUNIA)","RANGAMATI",,"Thana","213",,,,,
"214","9022014004751","BELAICHHARI","RANGAMATI",,"Thana","214",,,,,
"215","9022014007055","JURAICHHARI","RANGAMATI",,"Thana","215",,,,,
"216","9022014008643","LANGADU","RANGAMATI",,"Thana","216",,,,,
"217","9022014011930","NANIARCHAR","RANGAMATI",,"Thana","217",,,,,
"218","9022014003477","RAJASTHALI","RANGAMATI",,"Thana","218",,,,,
"219","9022014012169","RANGAMATI SADAR","RANGAMATI",,"Thana","219",,,,,
"220","9022014003373","BAGHAICHHARI","RANGAMATI",,"Thana","220",,,,,
"221","9022014003633","BARKAL","RANGAMATI",,"Thana","221",,,,,
"222","9022014003275","KAWKHALI(BETBUNIA)","RANGAMATI",,"Thana","222",,,,,
"223","9022014003575","BELAICHHARI","RANGAMATI",,"Thana","223",,,,,
"224","9022014004724","KAPTAI","RANGAMATI",,"Thana","224",,,,,
"225","9022014003748","JURAICHHARI","RANGAMATI",,"Thana","225",,,,,
"226","9022014008991","LANGADU","RANGAMATI",,"Thana","226",,,,,
"857","13032018104100","Dasar","MADARIPUR",,"Thana","999",,,,,
"228","9022014006848","RAJASTHALI","RANGAMATI",,"Thana","228",,,,,
"229","9022014008595","RANGAMATI SADAR","RANGAMATI",,"Thana","229",,,,,
"230","9022014003733","ADABAR  THANA","DHAKA",,"Thana","230",,,,,
"231","9022014004631","ASHULIA  THANA","DHAKA",,"Thana","231",,,,,
"232","9022014007158","BADDA  THANA","DHAKA",,"Thana","232",,,,,
"233","9022014006743","BANGSHAL  THANA","DHAKA",,"Thana","233",,,,,
"234","9022014005954","BIMANBANDAR  THANA","DHAKA",,"Thana","234",,,,,
"235","9022014009077","CANTONMENT  THANA","DHAKA",,"Thana","235",,,,,
"236","9022014006678","CHAKBAZAR THANA","DHAKA",,"Thana","236",,,,,
"237","9022014011837","DAKSHINKHAN THANA","DHAKA",,"Thana","237",,,,,
"238","9022014009920","DARUSSALAM THANA","DHAKA",,"Thana","238",,,,,
"239","9022014004617","DEMRA THANA","DHAKA",,"Thana","239",,,,,
"240","9022014006765","DHAMRAI","DHAKA",,"Thana","240",,,,,
"241","9022014006603","DHANMONDI THANA","DHAKA",,"Thana","241",,,,,
"242","9022014007185","DOHAR","DHAKA",,"Thana","242",,,,,
"243","9022014010561","GENDARIA THANA","DHAKA",,"Thana","243",,,,,
"244","9022014005762","GULSHAN THANA","DHAKA",,"Thana","244",,,,,
"245","9022014005767","HAZARIBAGH THANA","DHAKA",,"Thana","245",,,,,
"246","9022014006845","JATRABARI THANA","DHAKA",,"Thana","246",,,,,
"247","9022014007919","KAFRUL THANA","DHAKA",,"Thana","247",,,,,
"248","9022014009034","KADAMTALI THANA","DHAKA",,"Thana","248",,,,,
"249","9022014008286","KALABAGAN THANA","DHAKA",,"Thana","249",,,,,
"250","9022014006396","KAMRANGIRCHAR THANA","DHAKA",,"Thana","250",,,,,
"251","9022014005720","KHILGAON THANA","DHAKA",,"Thana","251",,,,,
"252","9022014008006","KHILKHET THANA","DHAKA",,"Thana","252",,,,,
"253","9022014009491","KERANIGANJ","DHAKA",,"Thana","253",,,,,
"254","9022014010275","KOTWALI THANA","DHAKA",,"Thana","254",,,,,
"255","9022014008571","LALBAGH THANA","DHAKA",,"Thana","255",,,,,
"256","9022014006635","MIRPUR THANA","DHAKA",,"Thana","256",,,,,
"257","9022014005204","MOHAMMADPUR THANA","DHAKA",,"Thana","257",,,,,
"258","9022014003306","MOTIJHEEL THANA","DHAKA",,"Thana","258",,,,,
"259","9022014009997","NAWABGANJ","DHAKA",,"Thana","259",,,,,
"260","9022014010950","NEWMARKET THANA","DHAKA",,"Thana","260",,,,,
"261","9022014007280","PALLABI THANA","DHAKA",,"Thana","261",,,,,
"262","9022014008394","PALTAN THANA","DHAKA",,"Thana","262",,,,,
"263","9022014006302","RAMNA THANA","DHAKA",,"Thana","263",,,,,
"264","9022014004462","SABUJBAGH THANA","DHAKA",,"Thana","264",,,,,
"265","9022014008315","SAVAR","DHAKA",,"Thana","265",,,,,
"266","9022014005834","SHAHALI THANA","DHAKA",,"Thana","266",,,,,
"267","9022014003770","SHAHBAG THANA","DHAKA",,"Thana","267",,,,,
"268","9022014006478","SHYAMPUR THANA","DHAKA",,"Thana","268",,,,,
"269","9022014007231","SHER-E-BANGLANAGAR THANA","DHAKA",,"Thana","269",,,,,
"270","9022014003814","SUTRAPUR THANA","DHAKA",,"Thana","270",,,,,
"271","9022014009885","TEJGAON THANA","DHAKA",,"Thana","271",,,,,
"272","9022014011585","TEJGAONIND.AREA THANA","DHAKA",,"Thana","272",,,,,
"273","9022014012262","TURAG THANA","DHAKA",,"Thana","273",,,,,
"274","9022014007391","UTTARA THANA","DHAKA",,"Thana","274",,,,,
"275","9022014004804","UTTARKHAN THANA","DHAKA",,"Thana","275",,,,,
"276","9022014009552","ALFADANGA","FARIDPUR",,"Thana","276",,,,,
"277","9022014004654","BHANGA","FARIDPUR",,"Thana","277",,,,,
"278","9022014011709","BOALMARI","FARIDPUR",,"Thana","278",,,,,
"279","9022014003405","CHARBHADRASAN","FARIDPUR",,"Thana","279",,,,,
"280","9022014012853","FARIDPUR SADAR","FARIDPUR",,"Thana","280",,,,,
"281","9022014008939","MADHUKHALI","FARIDPUR",,"Thana","281",,,,,
"282","9022014012108","NAGARKANDA","FARIDPUR",,"Thana","282",,,,,
"283","9022014011632","SADARPUR","FARIDPUR",,"Thana","283",,,,,
"284","9022014012569","SALTHA","FARIDPUR",,"Thana","284",,,,,
"285","9022014005123","GAZIPUR SADAR","GAZIPUR",,"Thana","285",,,,,
"286","9022014012847","KALIAKAIR","GAZIPUR",,"Thana","286",,,,,
"287","9022014005605","KALIGANJ","GAZIPUR",,"Thana","287",,,,,
"288","9022014005980","SREEPUR","GAZIPUR",,"Thana","288",,,,,
"289","9022014006554","GOPALGANJ SADAR","GOPALGONJ",,"Thana","289",,,,,
"290","9022014010963","KASHIANI","GOPALGONJ",,"Thana","290",,,,,
"291","9022014012860","KOTALIPARA","GOPALGONJ",,"Thana","291",,,,,
"292","9022014008869","MUKSUDPUR","GOPALGONJ",,"Thana","292",,,,,
"293","9022014011118","TUNGIPARA","GOPALGONJ",,"Thana","293",,,,,
"294","9022014010656","BAKSHIGANJ","JAMALPUR",,"Thana","294",,,,,
"295","9022014007604","DEWANGANJ","JAMALPUR",,"Thana","295",,,,,
"296","9022014012272","ISLAMPUR","JAMALPUR",,"Thana","296",,,,,
"297","9022014004162","JAMALPUR SADAR","JAMALPUR",,"Thana","297",,,,,
"298","9022014006114","MADARGANJ","JAMALPUR",,"Thana","298",,,,,
"299","9022014009778","MELANDAHA","JAMALPUR",,"Thana","299",,,,,
"300","9022014003500","SARISHABARI","JAMALPUR",,"Thana","300",,,,,
"301","9022014012890","AUSTAGRAM","KISHORGONJ",,"Thana","301",,,,,
"302","9022014008864","BAJITPUR","KISHORGONJ",,"Thana","302",,,,,
"303","9022014009674","BHAIRAB","KISHORGONJ",,"Thana","303",,,,,
"304","9022014011567","HOSSAINPUR","KISHORGONJ",,"Thana","304",,,,,
"305","9022014009991","ITNA","KISHORGONJ",,"Thana","305",,,,,
"306","9022014010852","KARIMGANJ","KISHORGONJ",,"Thana","306",,,,,
"307","9022014007807","KATIADI","KISHORGONJ",,"Thana","307",,,,,
"308","9022014006551","KISHOREGANJ SADAR","KISHORGONJ",,"Thana","308",,,,,
"309","9022014012129","KULIARCHAR","KISHORGONJ",,"Thana","309",,,,,
"310","9022014006402","MITHAMAIN","KISHORGONJ",,"Thana","310",,,,,
"311","9022014005288","NIKLI","KISHORGONJ",,"Thana","311",,,,,
"312","9022014005515","PAKUNDIA","KISHORGONJ",,"Thana","312",,,,,
"313","9022014003728","TARAIL","KISHORGONJ",,"Thana","313",,,,,
"314","9022014010715","KALKINI","MADARIPUR",,"Thana","314",,,,,
"315","9022014008099","MADARIPUR SADAR","MADARIPUR",,"Thana","315",,,,,
"316","9022014005141","RAJOIR","MADARIPUR",,"Thana","316",,,,,
"317","9022014008425","SHIB CHAR","MADARIPUR",,"Thana","317",,,,,
"318","9022014009908","DAULATPUR","MANIKGONJ",,"Thana","318",,,,,
"319","9022014011172","GHIOR","MANIKGONJ",,"Thana","319",,,,,
"320","9022014010616","HARIRAMPUR","MANIKGONJ",,"Thana","320",,,,,
"321","9022014005606","MANIKGANJ SADAR","MANIKGONJ",,"Thana","321",,,,,
"322","9022014004607","SATURIA","MANIKGONJ",,"Thana","322",,,,,
"323","9022014006304","SHIBALAYA","MANIKGONJ",,"Thana","323",,,,,
"324","9022014004417","SINGAIR","MANIKGONJ",,"Thana","324",,,,,
"325","9022014004156","GAZARIA","MUNSHIGONJ",,"Thana","325",,,,,
"326","9022014004488","LOHAJANG","MUNSHIGONJ",,"Thana","326",,,,,
"327","9022014009091","MUNSHIGANJ SADAR","MUNSHIGONJ",,"Thana","327",,,,,
"328","9022014008710","SERAJDIKHAN","MUNSHIGONJ",,"Thana","328",,,,,
"329","9022014005706","SREENAGAR","MUNSHIGONJ",,"Thana","329",,,,,
"330","9022014006763","TONGIBARI","MUNSHIGONJ",,"Thana","330",,,,,
"331","9022014005260","BHALUKA","MYMENSINGH",,"Thana","331",,,,,
"332","9022014008499","DHOBAURA","MYMENSINGH",,"Thana","332",,,,,
"333","9022014010209","FULBARIA","MYMENSINGH",,"Thana","333",,,,,
"334","9022014009043","GAFFARGAON","MYMENSINGH",,"Thana","334",,,,,
"335","9022014009265","GAURIPUR","MYMENSINGH",,"Thana","335",,,,,
"336","9022014003662","HALUAGHAT","MYMENSINGH",,"Thana","336",,,,,
"337","9022014011809","ISHWARGANJ","MYMENSINGH",,"Thana","337",,,,,
"338","9022014005567","MYMENSINGH SADAR","MYMENSINGH",,"Thana","338",,,,,
"339","9022014012015","MUKTAGACHHA","MYMENSINGH",,"Thana","339",,,,,
"340","9022014011008","NANDAIL","MYMENSINGH",,"Thana","340",,,,,
"341","9022014009499","PHULPUR","MYMENSINGH",,"Thana","341",,,,,
"342","9022014006107","TRISHAL","MYMENSINGH",,"Thana","342",,,,,
"852","7122014106400","NALDANGA","NATORE",,"Thana","832",,,,,
"851","6122014139430","VALUKA","MYMENSINGH",,"Thana","832",,,,,
"850","1122014127180","MIRZAGONJ","PATUAKHALI",,"Thana","832",,,,,
"849","14092014064300","TARAKANDA","MYMENSINGH",,"Thana","832",,,,,
"353","9022014011136","ARAIHAZAR","NARAYANGONJ",,"Thana","353",,,,,
"354","9022014009538","SONARGAON","NARAYANGONJ",,"Thana","354",,,,,
"355","9022014010441","BANDAR","NARAYANGONJ",,"Thana","355",,,,,
"356","9022014010894","NARAYANGANJ SADAR","NARAYANGONJ",,"Thana","356",,,,,
"357","9022014010018","RUPGANJ","NARAYANGONJ",,"Thana","357",,,,,
"358","9022014004487","BELABO","NARSINGDI",,"Thana","358",,,,,
"359","9022014005702","MANOHARDI","NARSINGDI",,"Thana","359",,,,,
"360","9022014008239","NARSINGDI SADAR","NARSINGDI",,"Thana","360",,,,,
"361","9022014012974","PALASH","NARSINGDI",,"Thana","361",,,,,
"362","9022014004748","ROYPURA","NARSINGDI",,"Thana","362",,,,,
"363","9022014011815","SHIBPUR","NARSINGDI",,"Thana","363",,,,,
"364","9022014011611","BELABO","NARSINGDI",,"Thana","364",,,,,
"365","9022014006680","MANOHARDI","NARSINGDI",,"Thana","365",,,,,
"366","9022014012362","NARSINGDI SADAR","NARSINGDI",,"Thana","366",,,,,
"367","9022014013815","PALASH","NARSINGDI",,"Thana","367",,,,,
"368","9022014007577","ROYPURA","NARSINGDI",,"Thana","368",,,,,
"369","9022014009484","SHIBPUR","NARSINGDI",,"Thana","369",,,,,
"370","9022014005570","ATPARA","NETROKONA",,"Thana","370",,,,,
"371","9022014005618","BARHATTA","NETROKONA",,"Thana","371",,,,,
"372","9022014008523","DURGAPUR","NETROKONA",,"Thana","372",,,,,
"373","9022014004573","KHALIAJURI","NETROKONA",,"Thana","373",,,,,
"374","9022014005486","KALMAKANDA","NETROKONA",,"Thana","374",,,,,
"375","9022014005936","KENDUA THANA","NETROKONA",,"Thana","375",,,,,
"376","9022014008768","MADAN","NETROKONA",,"Thana","376",,,,,
"377","9022014010374","MOHANGANJ","NETROKONA",,"Thana","377",,,,,
"378","9022014004805","NETROKONA SADAR","NETROKONA",,"Thana","378",,,,,
"379","9022014014024","PURBADHALA","NETROKONA",,"Thana","379",,,,,
"380","9022014011899","BALIAKANDI","RAJBARI",,"Thana","380",,,,,
"381","9022014009250","GOALANDAGHAT","RAJBARI",,"Thana","381",,,,,
"382","9022014012671","PANGSHA","RAJBARI",,"Thana","382",,,,,
"383","9022014012464","RAJBARI SADAR","RAJBARI",,"Thana","383",,,,,
"384","9022014005202","BHEDARGANJ","SHARIATPUR",,"Thana","384",,,,,
"385","9022014010435","DAMUDYA","SHARIATPUR",,"Thana","385",,,,,
"386","9022014013963","GOSAIRHAT","SHARIATPUR",,"Thana","386",,,,,
"387","9022014006135","NARIA","SHARIATPUR",,"Thana","387",,,,,
"388","9022014006944","PALONG SADAR","SHARIATPUR",,"Thana","388",,,,,
"389","9022014006161","ZANJIRA","SHARIATPUR",,"Thana","389",,,,,
"848","2092014094310","BANDARBAN SADAR","BANDARBAN",,"Thana","832",,,,,
"847","21082014062100","PIRGONJ","THAKURGAON",,"Thana","832",,,,,
"846","14082014074000","MATHBARIA","PIROJPUR",,"Thana","832",,,,,
"845","6082014108280","LALMONIRHAT SADAR","LALMONIRHAT",,"Thana","832",,,,,
"844","5082014103540","TANORE","RAJSHAHI",,"Thana","832",,,,,
"396","9022014008020","JHENAIGATI","SHERPUR",,"Thana","396",,,,,
"397","9022014009680","NAKLA","SHERPUR",,"Thana","397",,,,,
"398","9022014009666","NALITABARI","SHERPUR",,"Thana","398",,,,,
"399","9022014006322","SHERPUR SADAR","SHERPUR",,"Thana","399",,,,,
"400","9022014007594","SREEBARDI","SHERPUR",,"Thana","400",,,,,
"401","9022014005303","BASAIL","TANGAIL",,"Thana","401",,,,,
"402","9022014013243","BHUAPUR","TANGAIL",,"Thana","402",,,,,
"403","9022014011492","DELDUAR","TANGAIL",,"Thana","403",,,,,
"404","9022014010160","DHANBARI","TANGAIL",,"Thana","404",,,,,
"405","9022014010689","GHATAIL","TANGAIL",,"Thana","405",,,,,
"406","9022014007804","GOPALPUR","TANGAIL",,"Thana","406",,,,,
"407","9022014006980","KALIHATI","TANGAIL",,"Thana","407",,,,,
"408","9022014006985","MADHUPUR","TANGAIL",,"Thana","408",,,,,
"409","9022014014361","MIRZAPUR","TANGAIL",,"Thana","409",,,,,
"410","9022014006443","NAGARPUR","TANGAIL",,"Thana","410",,,,,
"411","9022014011232","SAKHIPUR","TANGAIL",,"Thana","411",,,,,
"412","9022014004729","TANGAIL SADAR","TANGAIL",,"Thana","412",,,,,
"413","9022014010704","BAGERHAT SADAR","BAGERHAT",,"Thana","413",,,,,
"414","9022014010469","CHITALMARI","BAGERHAT",,"Thana","414",,,,,
"415","9022014011223","FAKIRHAT","BAGERHAT",,"Thana","415",,,,,
"416","9022014007724","KACHUA","BAGERHAT",,"Thana","416",,,,,
"417","9022014013457","MOLLAHAT","BAGERHAT",,"Thana","417",,,,,
"418","9022014006211","MONGLA","BAGERHAT",,"Thana","418",,,,,
"419","9022014010769","MORRELGANJ","BAGERHAT",,"Thana","419",,,,,
"420","9022014008060","RAMPAL","BAGERHAT",,"Thana","420",,,,,
"421","9022014008201","SARANKHOLA","BAGERHAT",,"Thana","421",,,,,
"422","9022014013009","ALAMDANGA","CHUADANGA",,"Thana","422",,,,,
"423","9022014004938","DAMURHUDA","CHUADANGA",,"Thana","423",,,,,
"424","9022014004900","JIBAN NAGAR","CHUADANGA",,"Thana","424",,,,,
"425","9022014007151","ABHAYNAGAR","JESSORE",,"Thana","425",,,,,
"426","9022014009940","BAGHERPARA","JESSORE",,"Thana","426",,,,,
"427","9022014014101","CHAUGACHHA","JESSORE",,"Thana","427",,,,,
"428","9022014010604","JHIKARGACHHA","JESSORE",,"Thana","428",,,,,
"429","9022014009823","KESHABPUR","JESSORE",,"Thana","429",,,,,
"430","9022014014701","JESSORE SADAR","JESSORE",,"Thana","430",,,,,
"431","9022014011398","MANIRAMPUR","JESSORE",,"Thana","431",,,,,
"432","9022014011010","SHARSHA","JESSORE",,"Thana","432",,,,,
"433","9022014007889","HARINAKUNDA","JHENAIDAHA",,"Thana","433",,,,,
"434","9022014007906","JHENAIDAHA SADAR","JHENAIDAHA",,"Thana","434",,,,,
"435","9022014013983","KALIGANJ","JHENAIDAHA",,"Thana","435",,,,,
"436","9022014005414","KOTCHANDPUR","JHENAIDAHA",,"Thana","436",,,,,
"437","9022014012335","MAHESHPUR","JHENAIDAHA",,"Thana","437",,,,,
"438","9022014009869","SHAILKUPA","JHENAIDAHA",,"Thana","438",,,,,
"439","9022014012393","HARINAKUNDA","JHENAIDAHA",,"Thana","439",,,,,
"440","9022014006505","JHENAIDAHA SADAR","JHENAIDAHA",,"Thana","440",,,,,
"441","9022014008416","KALIGANJ","JHENAIDAHA",,"Thana","441",,,,,
"442","9022014010248","KOTCHANDPUR","JHENAIDAHA",,"Thana","442",,,,,
"443","9022014012937","MAHESHPUR","JHENAIDAHA",,"Thana","443",,,,,
"444","9022014008448","SHAILKUPA","JHENAIDAHA",,"Thana","444",,,,,
"445","9022014012127","BATIAGHATA","KHULNA",,"Thana","445",,,,,
"446","9022014014684","DACOPE","KHULNA",,"Thana","446",,,,,
"447","9022014012106","DAULATPUR THANA","KHULNA",,"Thana","447",,,,,
"448","9022014012638","DUMURIA","KHULNA",,"Thana","448",,,,,
"449","9022014007584","DIGHALIA","KHULNA",,"Thana","449",,,,,
"450","9022014010460","KHALISHPUR THANA","KHULNA",,"Thana","450",,,,,
"451","9022014010850","KHANJAHANALI  THANA","KHULNA",,"Thana","451",,,,,
"452","9022014013475","KHULNA SADAR  THANA","KHULNA",,"Thana","452",,,,,
"453","9022014010759","KOYRA","KHULNA",,"Thana","453",,,,,
"454","9022014010033","PHULTALA","KHULNA",,"Thana","454",,,,,
"455","9022014007074","RUPSA","KHULNA",,"Thana","455",,,,,
"456","9022014010821","SONADANGA THANA","KHULNA",,"Thana","456",,,,,
"457","9022014009298","TEROKHADA","KHULNA",,"Thana","457",,,,,
"458","9022014011231","BHERAMARA","KUSHTIA",,"Thana","458",,,,,
"459","9022014013161","DAULATPUR","KUSHTIA",,"Thana","459",,,,,
"460","9022014014031","KHOKSA","KUSHTIA",,"Thana","460",,,,,
"461","9022014011241","KUMARKHALI","KUSHTIA",,"Thana","461",,,,,
"462","9022014006897","KUSHTIA SADAR","KUSHTIA",,"Thana","462",,,,,
"463","9022014005851","MIRPUR","KUSHTIA",,"Thana","463",,,,,
"464","9022014013657","SHALIKHA","MAGURA",,"Thana","464",,,,,
"465","9022014014043","SREEPUR","MAGURA",,"Thana","465",,,,,
"466","9022014005316","GANGNI","MEHERPUR",,"Thana","466",,,,,
"467","9022014007766","MUJIBNAGAR","MEHERPUR",,"Thana","467",,,,,
"468","9022014007474","MEHERPUR SADAR","MEHERPUR",,"Thana","468",,,,,
"469","9022014007478","KALIA","NARAIL",,"Thana","469",,,,,
"470","9022014008929","LOHAGARA","NARAIL",,"Thana","470",,,,,
"471","9022014013177","NARAIL SADAR","NARAIL",,"Thana","471",,,,,
"472","9022014006432","ASSASUNI","SATKHIRA",,"Thana","472",,,,,
"473","9022014013933","DEBHATA","SATKHIRA",,"Thana","473",,,,,
"474","9022014013039","KALAROA","SATKHIRA",,"Thana","474",,,,,
"475","9022014006096","KALIGANJ","SATKHIRA",,"Thana","475",,,,,
"476","9022014007494","SATKHIRA SADAR","SATKHIRA",,"Thana","476",,,,,
"477","9022014012316","SHYAMNAGAR","SATKHIRA",,"Thana","477",,,,,
"478","9022014011248","TALA","SATKHIRA",,"Thana","478",,,,,
"479","9022014015047","ADAMDIGHI","BOGRA",,"Thana","479",,,,,
"480","9022014009260","DHUNAT","BOGRA",,"Thana","480",,,,,
"481","9022014006317","DHUPCHANCHIA","BOGRA",,"Thana","481",,,,,
"482","9022014008709","GABTALI","BOGRA",,"Thana","482",,,,,
"483","9022014013660","KAHALOO","BOGRA",,"Thana","483",,,,,
"484","9022014009836","NANDIGRAM","BOGRA",,"Thana","484",,,,,
"485","9022014009185","SARIAKANDI","BOGRA",,"Thana","485",,,,,
"486","9022014009321","SHAJAHANPUR","BOGRA",,"Thana","486",,,,,
"487","9022014012013","SHERPUR","BOGRA",,"Thana","487",,,,,
"488","9022014009960","SHIBGANJ","BOGRA",,"Thana","488",,,,,
"489","9022014015406","SONATOLA","BOGRA",,"Thana","489",,,,,
"490","9022014014485","AKKELPUR","JOYPURHAT",,"Thana","490",,,,,
"491","9022014011817","JOYPURHAT SADAR","JOYPURHAT",,"Thana","491",,,,,
"492","9022014011098","KALAI","JOYPURHAT",,"Thana","492",,,,,
"493","9022014006585","KHETLAL","JOYPURHAT",,"Thana","493",,,,,
"494","9022014012947","PANCHBIBI","JOYPURHAT",,"Thana","494",,,,,
"495","9022014008109","ATRAI","NAOGAON",,"Thana","495",,,,,
"496","9022014013679","BADALGACHHI","NAOGAON",,"Thana","496",,,,,
"497","9022014009909","MANDA","NAOGAON",,"Thana","497",,,,,
"498","9022014009193","MAHADEBPUR","NAOGAON",,"Thana","498",,,,,
"499","9022014014711","NAOGAON SADAR","NAOGAON",,"Thana","499",,,,,
"500","9022014011440","NIAMATPUR","NAOGAON",,"Thana","500",,,,,
"501","9022014014111","PATNITALA","NAOGAON",,"Thana","501",,,,,
"502","9022014006230","RANINAGAR","NAOGAON",,"Thana","502",,,,,
"503","9022014005724","SAPAHAR","NAOGAON",,"Thana","503",,,,,
"504","9022014010857","BAGATIPARA","NATORE",,"Thana","504",,,,,
"505","9022014006876","BARAIGRAM","NATORE",,"Thana","505",,,,,
"506","9022014012599","GURUDASPUR","NATORE",,"Thana","506",,,,,
"507","9022014009676","LALPUR","NATORE",,"Thana","507",,,,,
"508","9022014010362","NATORE SADAR","NATORE",,"Thana","508",,,,,
"509","9022014005841","SINGRA","NATORE",,"Thana","509",,,,,
"510","9022014014547","BHOLAHAT","CHAPAI NABABAGANJ",,"Thana","510",,,,,
"511","9022014012203","GOMASTAPUR","CHAPAI NABABAGANJ",,"Thana","511",,,,,
"512","9022014008761","NACHOLE","CHAPAI NABABAGANJ",,"Thana","512",,,,,
"513","9022014015357","NABABGANJ SADAR","CHAPAI NABABAGANJ",,"Thana","513",,,,,
"514","9022014015726","SHIBGANJ","CHAPAI NABABAGANJ",,"Thana","514",,,,,
"515","9022014012461","ATGHARIA","PABNA",,"Thana","515",,,,,
"516","9022014008085","BERA","PABNA",,"Thana","516",,,,,
"517","9022014007425","BHANGURA","PABNA",,"Thana","517",,,,,
"518","9022014006744","CHATMOHAR","PABNA",,"Thana","518",,,,,
"519","9022014013591","FARIDPUR","PABNA",,"Thana","519",,,,,
"520","9022014013474","ISHWARDI","PABNA",,"Thana","520",,,,,
"521","9022014006470","PABNA SADAR","PABNA",,"Thana","521",,,,,
"522","9022014006103","SANTHIA","PABNA",,"Thana","522",,,,,
"523","9022014015725","SUJANAGAR","PABNA",,"Thana","523",,,,,
"524","9022014013042","BAGHA","RAJSHAHI",,"Thana","524",,,,,
"525","9022014015816","BAGHMARA","RAJSHAHI",,"Thana","525",,,,,
"526","9022014011201","BOALIA THANA","RAJSHAHI",,"Thana","526",,,,,
"527","9022014013344","CHARGHAT","RAJSHAHI",,"Thana","527",,,,,
"528","9022014019943","DURGAPUR","RAJSHAHI",,"Thana","528",,,,,
"529","9022014011981","GODAGARI","RAJSHAHI",,"Thana","529",,,,,
"530","9022014013095","MATIHAR THANA","RAJSHAHI",,"Thana","530",,,,,
"531","9022014017380","MOHANPUR","RAJSHAHI",,"Thana","531",,,,,
"532","9022014014822","PABA","RAJSHAHI",,"Thana","532",,,,,
"533","9022014013807","PUTHIA","RAJSHAHI",,"Thana","533",,,,,
"534","9022014016491","RAJPARA THANA","RAJSHAHI",,"Thana","534",,,,,
"535","9022014014372","SHAHMAKHDUM  THANA","RAJSHAHI",,"Thana","535",,,,,
"536","9022014020090","CHAUHALI","SIRAJGANJ",,"Thana","536",,,,,
"537","9022014013718","KAMARKHANDA","SIRAJGANJ",,"Thana","537",,,,,
"538","9022014012729","KAZIPUR","SIRAJGANJ",,"Thana","538",,,,,
"539","9022014014347","ROYGANJ","SIRAJGANJ",,"Thana","539",,,,,
"540","9022014014779","SHAHJADPUR","SIRAJGANJ",,"Thana","540",,,,,
"541","9022014018436","SIRAJGANJ SADAR","SIRAJGANJ",,"Thana","541",,,,,
"542","9022014018464","TARASH","SIRAJGANJ",,"Thana","542",,,,,
"543","9022014012879","ULLAH PARA","SIRAJGANJ",,"Thana","543",,,,,
"544","9022014013767","BIRAMPUR","DINAJPUR",,"Thana","544",,,,,
"545","9022014011777","BIRGANJ","DINAJPUR",,"Thana","545",,,,,
"546","9022014010657","BIRAL","DINAJPUR",,"Thana","546",,,,,
"547","9022014019707","BOCHAGANJ","DINAJPUR",,"Thana","547",,,,,
"548","9022014012257","CHIRIRBANDAR","DINAJPUR",,"Thana","548",,,,,
"549","9022014013542","FULBARI","DINAJPUR",,"Thana","549",,,,,
"550","9022014013875","GHORAGHAT","DINAJPUR",,"Thana","550",,,,,
"551","9022014011110","HAKIMPUR","DINAJPUR",,"Thana","551",,,,,
"552","9022014010655","KAHAROLE","DINAJPUR",,"Thana","552",,,,,
"553","9022014012130","KHANSAMA","DINAJPUR",,"Thana","553",,,,,
"554","9022014017084","DINAJPUR SADAR","DINAJPUR",,"Thana","554",,,,,
"555","9022014014802","NAWABGANJ","DINAJPUR",,"Thana","555",,,,,
"556","9022014014666","PARBATIPUR","DINAJPUR",,"Thana","556",,,,,
"557","9022014011285","FULCHHARI","GAIBANDHA",,"Thana","557",,,,,
"558","9022014013259","GAIBANDHA SADAR","GAIBANDHA",,"Thana","558",,,,,
"559","9022014014946","GOBINDAGANJ","GAIBANDHA",,"Thana","559",,,,,
"560","9022014017556","PALASHBARI","GAIBANDHA",,"Thana","560",,,,,
"561","9022014012064","SADULLAPUR","GAIBANDHA",,"Thana","561",,,,,
"562","9022014013299","SAGHATTA","GAIBANDHA",,"Thana","562",,,,,
"563","9022014019255","SUNDARGANJ","GAIBANDHA",,"Thana","563",,,,,
"564","9022014012622","BHURUNGAMARI","KURIGRAM",,"Thana","564",,,,,
"565","9022014011486","CHARRAJIBPUR","KURIGRAM",,"Thana","565",,,,,
"566","9022014012892","CHILMARI","KURIGRAM",,"Thana","566",,,,,
"567","9022014020478","PHULBARI","KURIGRAM",,"Thana","567",,,,,
"568","9022014014728","KURIGRAM SADAR","KURIGRAM",,"Thana","568",,,,,
"569","9022014017269","NAGESHWARI","KURIGRAM",,"Thana","569",,,,,
"570","9022014013437","RAJARHAT","KURIGRAM",,"Thana","570",,,,,
"571","9022014013093","RAUMARI","KURIGRAM",,"Thana","571",,,,,
"572","9022014016854","ULIPUR","KURIGRAM",,"Thana","572",,,,,
"573","9022014010796","ADITMARI","LALMONIRHAT",,"Thana","573",,,,,
"574","9022014018609","HATIBANDHA","LALMONIRHAT",,"Thana","574",,,,,
"575","9022014012389","KALIGANJ","LALMONIRHAT",,"Thana","575",,,,,
"576","9022014015352","PATGRAM","LALMONIRHAT",,"Thana","576",,,,,
"577","9022014018595","DIMLA","NILPHAMARI",,"Thana","577",,,,,
"578","9022014012432","DOMAR","NILPHAMARI",,"Thana","578",,,,,
"579","9022014015814","JALDHAKA","NILPHAMARI",,"Thana","579",,,,,
"580","9022014016232","KISHOREGANJ","NILPHAMARI",,"Thana","580",,,,,
"581","9022014020276","NILPHAMARI SADAR","NILPHAMARI",,"Thana","581",,,,,
"582","9022014020594","SAIDPUR","NILPHAMARI",,"Thana","582",,,,,
"583","9022014015116","ATWARI","PANCHAGARH",,"Thana","583",,,,,
"584","9022014015462","BODA","PANCHAGARH",,"Thana","584",,,,,
"585","9022014013242","DEBIGANJ","PANCHAGARH",,"Thana","585",,,,,
"586","9022014018407","PANCHAGARH SADAR","PANCHAGARH",,"Thana","586",,,,,
"587","9022014019158","TENTULIA","PANCHAGARH",,"Thana","587",,,,,
"588","9022014016019","BADARGANJ","RANGPUR",,"Thana","588",,,,,
"589","9022014018214","GANGACHARA","RANGPUR",,"Thana","589",,,,,
"590","9022014016309","KAUNIA","RANGPUR",,"Thana","590",,,,,
"591","9022014013429","RANGPUR SADAR","RANGPUR",,"Thana","591",,,,,
"592","9022014014921","MITHAPUKUR","RANGPUR",,"Thana","592",,,,,
"593","9022014013281","PIRGACHHA","RANGPUR",,"Thana","593",,,,,
"594","9022014019506","PIRGANJ","RANGPUR",,"Thana","594",,,,,
"595","9022014018487","TARAGANJ","RANGPUR",,"Thana","595",,,,,
"596","9022014016660","BALIADANGI","THAKURGAON",,"Thana","596",,,,,
"597","9022014013852","HARIPUR","THAKURGAON",,"Thana","597",,,,,
"598","9022014017951","RANISANKAIL","THAKURGAON",,"Thana","598",,,,,
"599","9022014012249","THAKURGAON SADAR","THAKURGAON",,"Thana","599",,,,,
"600","9022014015731","AJMIRIGANJ","HABIGANJ",,"Thana","600",,,,,
"601","9022014014882","BAHUBAL","HABIGANJ",,"Thana","601",,,,,
"602","9022014011236","BANIACHONG","HABIGANJ",,"Thana","602",,,,,
"603","9022014013335","CHUNARUGHAT","HABIGANJ",,"Thana","603",,,,,
"604","9022014013834","HABIGANJ SADAR","HABIGANJ",,"Thana","604",,,,,
"605","9022014015294","LAKHAI","HABIGANJ",,"Thana","605",,,,,
"606","9022014014853","MADHABPUR","HABIGANJ",,"Thana","606",,,,,
"607","9022014013593","NABIGANJ","HABIGANJ",,"Thana","607",,,,,
"608","9022014019018","BARLEKHA","MAULVI BAZAR",,"Thana","608",,,,,
"609","9022014018236","JURI","MAULVI BAZAR",,"Thana","609",,,,,
"610","9022014013399","KAMALGANJ","MAULVI BAZAR",,"Thana","610",,,,,
"611","9022014017867","KULAURA","MAULVI BAZAR",,"Thana","611",,,,,
"612","9022014020732","MAULVIBAZAR SADAR","MAULVI BAZAR",,"Thana","612",,,,,
"613","9022014012693","RAJNAGAR","MAULVI BAZAR",,"Thana","613",,,,,
"614","9022014017693","BISHWAMBARPUR","SUNAMGANJ",,"Thana","614",,,,,
"615","9022014020329","CHHATAK","SUNAMGANJ",,"Thana","615",,,,,
"616","9022014012166","DAKHINSUNAMGANJ","SUNAMGANJ",,"Thana","616",,,,,
"617","9022014019100","DERAI","SUNAMGANJ",,"Thana","617",,,,,
"618","9022014014947","DHARAMPASHA","SUNAMGANJ",,"Thana","618",,,,,
"619","9022014013208","DOWARABAZAR","SUNAMGANJ",,"Thana","619",,,,,
"620","9022014019951","JAGANNATHPUR","SUNAMGANJ",,"Thana","620",,,,,
"621","9022014012913","JAMALGANJ","SUNAMGANJ",,"Thana","621",,,,,
"622","9022014018838","SULLA","SUNAMGANJ",,"Thana","622",,,,,
"623","9022014017809","SUNAMGANJ SADAR","SUNAMGANJ",,"Thana","623",,,,,
"624","9022014016934","TAHIRPUR","SUNAMGANJ",,"Thana","624",,,,,
"625","9022014011533","BALAGANJ","SYLHET",,"Thana","625",,,,,
"626","9022014012575","BEANIBAZAR","SYLHET",,"Thana","626",,,,,
"627","9022014019700","BISHWANATH","SYLHET",,"Thana","627",,,,,
"628","9022014019438","COMPANIGANJ","SYLHET",,"Thana","628",,,,,
"629","9022014017344","DAKHINSURMA","SYLHET",,"Thana","629",,,,,
"630","9022014013558","FENCHUGANJ","SYLHET",,"Thana","630",,,,,
"631","9022014017249","GOLABGANJ","SYLHET",,"Thana","631",,,,,
"632","9022014014696","GOWAINGHAT","SYLHET",,"Thana","632",,,,,
"633","9022014019205","JAINTIAPUR","SYLHET",,"Thana","633",,,,,
"634","9022014021424","KANAIGHAT","SYLHET",,"Thana","634",,,,,
"635","9022014017967","SYLHETSADAR","SYLHET",,"Thana","635",,,,,
"636","9022014014735","ZAKIGANJ","SYLHET",,"Thana","636",,,,,
"832","18052014106900","BOGRA SADAR","BOGRA",,"Thana","824",,,,,
"833","28062014085600","SREEMONGAL","MAULVI BAZAR",,"Thana","824",,,,,
"834","30062014096000","FOTULLA","NARAYANGONJ",,"Thana","832",,,,,
"835","30062014099200","PORSHA","NAOGAON",,"Thana","832",,,,,
"836","30062014097100","DHAMOIRHAT","NAOGAON",,"Thana","832",,,,,
"837","7072014038870","PAIKGACHHA","KHULNA",,"Thana","832",,,,,
"838","7072014040290","KAPASIA","GAZIPUR",,"Thana","832",,,,,
"839","7072014040510","TONGI","GAZIPUR",,"Thana","832",,,,,
"840","9072014036380","CHUADANGA SADAR","CHUADANGA",,"Thana","832",,,,,
"841","14072014084900","BELKUCHI","SIRAJGANJ",,"Thana","832",,,,,
"842","14072014087400","MAGURA SADAR","MAGURA",,"Thana","832",,,,,
"843","14072014093000","MOHAMMODPUR","MAGURA",,"Thana","832",,,,,
"853","10012017112264","Joydebpur","GAZIPUR",,"Thana","854",,,,,
"854","19012017128481","Kalukhali","RAJBARI",,"Thana","854",,,,,
"855","23042017122068","Others (Foreigner)","Others (Foreigner)",,"Thana","855",,,,,
"856","30042017163776","Siddhirganj","NARAYANGONJ",,"Thana","963",,,,,
"858","13032018105500","SOLONGA","SIRAJGANJ",,"Thana","999",,,,,
